source_file,record_count,size_bytes,sha256
download_1_500.txt,500,4044745,07d45ea1b76a4b711cf71d4cfb6e9d1cf0932c02b36e0df096e087a644094535
download_501_1000.txt,500,4274046,b71998bb1cc64b745b11a8e8773076b3627e20e118d074ec0756080c09282b52
download_1001_1500.txt,500,4460554,b29ae7f5118d2e903bc95eb3c45f2bcfd7ec24af39b044847279339fe92f8299
download_1501_2000.txt,500,4686755,60aa98cd58a7a2c91bf0baf36203f7f8e9a4811456a4590e870474270af4f73a
download_2001_2500.txt,500,4801026,7b29afa4c24271a840ccdf71e5d75ca768f9ca5956a57bfef44b8170ec20cc63
download_2501_3000.txt,500,5644766,599ee31e42bcc773fa7006734b6a24478849e19995a4e0a14b8fcd8484d55a5c
download_3001_3500.txt,500,6019764,d3b7fa5499aa990bb993b637788638f92a066af129e486e8ef54311c2efea8a4
download_3501_4000.txt,500,6009649,c9b6ecd8db2494090a0ec0313dd380cd20c6a2410c7fcbf697ecb553cdbbc25e
download_4001_4500.txt,500,5422710,678b10d9c0d6a269a6beba5c6200e97342ada30a3f73e7ff5ca3572da76e322b
download_4501_4974.txt,474,4895410,b273e5d2413ec26ad4e958fdc725c2dc6007aefe08a050394ecc7f2639146e62
